url,label
https://google.com,0
https://youtube.com,0
https://facebook.com,0
https://twitter.com,0
https://x.com,0
https://instagram.com,0
https://linkedin.com,0
https://wikipedia.org,0
https://amazon.com,0
https://microsoft.com,0
https://apple.com,0
https://github.com,0
https://gitlab.com,0
https://bitbucket.org,0
https://stackoverflow.com,0
https://reddit.com,0
https://pinterest.com,0
https://netflix.com,0
https://spotify.com,0
https://adobe.com,0
https://dropbox.com,0
https://slack.com,0
https://trello.com,0
https://zoom.us,0
https://telegram.org,0
https://whatsapp.com,0
https://mozilla.org,0
https://w3.org,0
https://python.org,0
https://pypi.org,0
https://numpy.org,0
https://pandas.pydata.org,0
https://scikit-learn.org,0
https://keras.io,0
https://tensorflow.org,0
https://coursera.org,0
https://edx.org,0
https://udemy.com,0
https://khanacademy.org,0
https://mit.edu,0
https://harvard.edu,0
https://stanford.edu,0
https://ox.ac.uk,0
https://cam.ac.uk,0
https://who.int,0
https://un.org,0
https://nasa.gov,0
https://nih.gov,0
https://cdc.gov,0
https://europa.eu,0
https://gov.uk,0
https://irs.gov,0
https://fema.gov,0
https://usa.gov,0
https://whitehouse.gov,0
https://nytimes.com,0
https://theguardian.com,0
https://bbc.com,0
https://cnn.com,0
https://bbc.co.uk,0
https://washingtonpost.com,0
https://washington.edu,0
https://forbes.com,0
https://bloomberg.com,0
https://reuters.com,0
https://aljazeera.com,0
https://economist.com,0
https://nationalgeographic.com,0
https://time.com,0
https://yahoo.com,0
https://bing.com,0
https://duckduckgo.com,0
https://ask.com,0
https://etsy.com,0
https://ebay.com,0
https://aliexpress.com,0
https://walmart.com,0
https://target.com,0
https://bestbuy.com,0
https://ikea.com,0
https://homedepot.com,0
https://mayoclinic.org,0
https://webmd.com,0
https://healthline.com,0
https://epicgames.com,0
https://steamcommunity.com,0
https://store.steampowered.com,0
https://play.google.com,0
https://apps.apple.com,0
https://blogger.com,0
https://medium.com,0
https://substack.com,0
https://wordpress.com,0
https://bing.com/news,0
https://tumblr.com,0
https://soundcloud.com,0
https://vimeo.com,0
https://imdb.com,0
https://rottentomatoes.com,0
https://tripadvisor.com,0
https://booking.com,0
https://airbnb.com,0
https://expedia.com,0
https://uber.com,0
https://lyft.com,0
https://stripe.com,0
https://paypal.com,0
https://squareup.com,0
https://venmo.com,0
https://chase.com,0
https://bankofamerica.com,0
https://wellsfargo.com,0
https://citibank.com,0
https://hsbc.com,0
https://barclays.co.uk,0
https://paypal.com/uk,0
https://samsung.com,0
https://xiaomi.com,0
https://huawei.com,0
https://intel.com,0
https://amd.com,0
https://nvidia.com,0
https://oracle.com,0
https://ibm.com,0
https://dell.com,0
https://hp.com,0
https://lenovo.com,0
https://asus.com,0
https://acer.com,0
https://tiktok.com,0
https://wechat.com,0
https://ok.ru,0
https://mail.google.com,0
https://outlook.live.com,0
https://office.com,0
https://zoom.com,0
https://notion.so,0
https://figma.com,0
https://canva.com,0
https://behance.net,0
https://dribbble.com,0
https://google.com/0,0
https://youtube.com/1,0
https://facebook.com/2,0
https://twitter.com/3,0
https://x.com/4,0
https://instagram.com/5,0
https://linkedin.com/6,0
https://wikipedia.org/home7,0
https://amazon.com/8,0
https://yahoo.com,0
https://chatgpt.com,0
